ticker,date,open,high,low,close,volume,price_basis,unit,source_id
HPG,2025-10-09,26590.908203125,26727.2734375,26136.36328125,26545.455078125,65948300,yahoo_chart_ohlc_unverified,VND_per_share,YAHOO_HPG_20261009_114930_200741
HPG,2025-10-10,26727.2734375,26727.2734375,26227.2734375,26318.181640625,46806870,yahoo_chart_ohlc_unverified,VND_per_share,YAHOO_HPG_20261009_114930_200741
HPG,2025-10-13,26409.091796875,26590.908203125,26227.2734375,26363.63671875,88261470,yahoo_chart_ohlc_unverified,VND_per_share,YAHOO_HPG_20261009_114930_200741
HPG,2025-10-14,26409.091796875,26590.908203125,26227.2734375,26363.63671875,88261470,yahoo_chart_ohlc_unverified,VND_per_share,YAHOO_HPG_20261009_114930_200741
HPG,2025-10-15,26409.091796875,26590.908203125,25727.2734375,25772.7265625,92738690,yahoo_chart_ohlc_unverified,VND_per_share,YAHOO_HPG_20261009_114930_200741
HPG,2025-10-16,25818.181640625,26090.908203125,25636.36328125,25681.818359375,38085520,yahoo_chart_ohlc_unverified,VND_per_share,YAHOO_HPG_20261009_114930_200741
HPG,2025-10-17,25681.818359375,26181.818359375,25454.544921875,25681.818359375,49186830,yahoo_chart_ohlc_unverified,VND_per_share,YAHOO_HPG_20261009_114930_200741
HPG,2025-10-20,25363.63671875,25681.818359375,23681.818359375,23681.818359375,113259410,yahoo_chart_ohlc_unverified,VND_per_share,YAHOO_HPG_20261009_114930_200741
HPG,2025-10-21,25363.63671875,25681.818359375,23681.818359375,23681.818359375,113259410,yahoo_chart_ohlc_unverified,VND_per_share,YAHOO_HPG_20261009_114930_200741
HPG,2025-10-22,23909.091796875,24545.455078125,23636.36328125,24363.63671875,81703380,yahoo_chart_ohlc_unverified,VND_per_share,YAHOO_HPG_20261009_114930_200741
HPG,2025-10-23,24454.544921875,24454.544921875,23772.7265625,24272.7265625,40995680,yahoo_chart_ohlc_unverified,VND_per_share,YAHOO_HPG_20261009_114930_200741
HPG,2025-10-24,24318.181640625,24545.455078125,24090.908203125,24090.908203125,25787740,yahoo_chart_ohlc_unverified,VND_per_share,YAHOO_HPG_20261009_114930_200741
HPG,2025-10-27,24318.181640625,24409.091796875,23863.63671875,23863.63671875,30129880,yahoo_chart_ohlc_unverified,VND_per_share,YAHOO_HPG_20261009_114930_200741
HPG,2025-10-28,24318.181640625,24409.091796875,23863.63671875,23863.63671875,30129880,yahoo_chart_ohlc_unverified,VND_per_share,YAHOO_HPG_20261009_114930_200741
HPG,2025-10-29,23954.544921875,24363.63671875,23772.7265625,24363.63671875,31363310,yahoo_chart_ohlc_unverified,VND_per_share,YAHOO_HPG_20261009_114930_200741
HPG,2025-10-30,24454.544921875,25045.455078125,24454.544921875,24772.7265625,43393790,yahoo_chart_ohlc_unverified,VND_per_share,YAHOO_HPG_20261009_114930_200741
HPG,2025-10-31,24909.091796875,24909.091796875,24454.544921875,24454.544921875,26062850,yahoo_chart_ohlc_unverified,VND_per_share,YAHOO_HPG_20261009_114930_200741
HPG,2025-11-03,24318.181640625,24454.544921875,23681.818359375,23681.818359375,31192260,yahoo_chart_ohlc_unverified,VND_per_share,YAHOO_HPG_20261009_114930_200741
HPG,2025-11-04,23772.7265625,24409.091796875,23590.908203125,24318.181640625,41543810,yahoo_chart_ohlc_unverified,VND_per_share,YAHOO_HPG_20261009_114930_200741
HPG,2025-11-05,23772.7265625,24409.091796875,23590.908203125,24318.181640625,41543810,yahoo_chart_ohlc_unverified,VND_per_share,YAHOO_HPG_20261009_114930_200741
HPG,2025-11-06,23954.544921875,24090.908203125,23727.2734375,23727.2734375,23328360,yahoo_chart_ohlc_unverified,VND_per_share,YAHOO_HPG_20261009_114930_200741
HPG,2025-11-07,23772.7265625,24136.36328125,23636.36328125,23681.818359375,60610220,yahoo_chart_ohlc_unverified,VND_per_share,YAHOO_HPG_20261009_114930_200741
HPG,2025-11-10,23818.181640625,24318.181640625,23727.2734375,24045.455078125,52819690,yahoo_chart_ohlc_unverified,VND_per_share,YAHOO_HPG_20261009_114930_200741
HPG,2025-11-11,24181.818359375,24454.544921875,24045.455078125,24181.818359375,34465310,yahoo_chart_ohlc_unverified,VND_per_share,YAHOO_HPG_20261009_114930_200741
HPG,2025-11-12,24227.2734375,24636.36328125,24227.2734375,24545.455078125,33729190,yahoo_chart_ohlc_unverified,VND_per_share,YAHOO_HPG_20261009_114930_200741
HPG,2025-11-13,24545.455078125,24590.908203125,24136.36328125,24136.36328125,20820250,yahoo_chart_ohlc_unverified,VND_per_share,YAHOO_HPG_20261009_114930_200741
HPG,2025-11-14,24090.908203125,24500.0,24090.908203125,24454.544921875,24323420,yahoo_chart_ohlc_unverified,VND_per_share,YAHOO_HPG_20261009_114930_200741
HPG,2025-11-17,24590.908203125,24863.63671875,24590.908203125,24818.181640625,35374130,yahoo_chart_ohlc_unverified,VND_per_share,YAHOO_HPG_20261009_114930_200741
HPG,2025-11-18,24772.7265625,25090.908203125,24681.818359375,25000.0,38531130,yahoo_chart_ohlc_unverified,VND_per_share,YAHOO_HPG_20261009_114930_200741
HPG,2025-11-19,25000.0,25772.7265625,24954.544921875,25090.908203125,61952770,yahoo_chart_ohlc_unverified,VND_per_share,YAHOO_HPG_20261009_114930_200741
HPG,2025-11-20,25181.818359375,25272.7265625,24681.818359375,24772.7265625,25354230,yahoo_chart_ohlc_unverified,VND_per_share,YAHOO_HPG_20261009_114930_200741
HPG,2025-11-21,24681.818359375,24954.544921875,24454.544921875,24909.091796875,24868690,yahoo_chart_ohlc_unverified,VND_per_share,YAHOO_HPG_20261009_114930_200741
HPG,2025-11-24,24909.091796875,25045.455078125,24636.36328125,24636.36328125,16178580,yahoo_chart_ohlc_unverified,VND_per_share,YAHOO_HPG_20261009_114930_200741
HPG,2025-11-25,24681.818359375,24863.63671875,24454.544921875,24454.544921875,26780820,yahoo_chart_ohlc_unverified,VND_per_share,YAHOO_HPG_20261009_114930_200741
HPG,2025-11-26,24500.0,24727.2734375,24409.091796875,24636.36328125,20924420,yahoo_chart_ohlc_unverified,VND_per_share,YAHOO_HPG_20261009_114930_200741
HPG,2025-11-27,24727.2734375,24818.181640625,24454.544921875,24454.544921875,15351820,yahoo_chart_ohlc_unverified,VND_per_share,YAHOO_HPG_20261009_114930_200741
HPG,2025-11-28,24454.544921875,24590.908203125,24136.36328125,24136.36328125,22868230,yahoo_chart_ohlc_unverified,VND_per_share,YAHOO_HPG_20261009_114930_200741
HPG,2025-12-01,24227.2734375,24318.181640625,24090.908203125,24090.908203125,21721810,yahoo_chart_ohlc_unverified,VND_per_share,YAHOO_HPG_20261009_114930_200741
HPG,2025-12-02,24136.36328125,24227.2734375,23818.181640625,24090.908203125,28680520,yahoo_chart_ohlc_unverified,VND_per_share,YAHOO_HPG_20261009_114930_200741
HPG,2025-12-03,24181.818359375,24409.091796875,24045.455078125,24363.63671875,23680360,yahoo_chart_ohlc_unverified,VND_per_share,YAHOO_HPG_20261009_114930_200741
HPG,2025-12-04,24500.0,24954.544921875,24454.544921875,24818.181640625,38589320,yahoo_chart_ohlc_unverified,VND_per_share,YAHOO_HPG_20261009_114930_200741
HPG,2025-12-05,24863.63671875,24863.63671875,24545.455078125,24545.455078125,19428310,yahoo_chart_ohlc_unverified,VND_per_share,YAHOO_HPG_20261009_114930_200741
HPG,2025-12-08,24454.544921875,24636.36328125,24318.181640625,24318.181640625,23601160,yahoo_chart_ohlc_unverified,VND_per_share,YAHOO_HPG_20261009_114930_200741
HPG,2025-12-09,24272.7265625,24454.544921875,24000.0,24000.0,43902980,yahoo_chart_ohlc_unverified,VND_per_share,YAHOO_HPG_20261009_114930_200741
HPG,2025-12-10,24227.2734375,24545.455078125,24181.818359375,24227.2734375,21678800,yahoo_chart_ohlc_unverified,VND_per_share,YAHOO_HPG_20261009_114930_200741
HPG,2025-12-11,24272.7265625,24454.544921875,24090.908203125,24136.36328125,18856420,yahoo_chart_ohlc_unverified,VND_per_share,YAHOO_HPG_20261009_114930_200741
HPG,2025-12-12,24181.818359375,24272.7265625,23636.36328125,23636.36328125,40797020,yahoo_chart_ohlc_unverified,VND_per_share,YAHOO_HPG_20261009_114930_200741
HPG,2025-12-15,23863.63671875,24000.0,23681.818359375,23863.63671875,26333340,yahoo_chart_ohlc_unverified,VND_per_share,YAHOO_HPG_20261009_114930_200741
HPG,2025-12-16,23954.544921875,24500.0,23863.63671875,24272.7265625,32262890,yahoo_chart_ohlc_unverified,VND_per_share,YAHOO_HPG_20261009_114930_200741
HPG,2025-12-17,24272.7265625,24272.7265625,24000.0,24000.0,18201260,yahoo_chart_ohlc_unverified,VND_per_share,YAHOO_HPG_20261009_114930_200741
HPG,2025-12-18,24272.7265625,24272.7265625,24000.0,24000.0,18201260,yahoo_chart_ohlc_unverified,VND_per_share,YAHOO_HPG_20261009_114930_200741
HPG,2025-12-19,24000.0,24272.7265625,24000.0,24272.7265625,32538660,yahoo_chart_ohlc_unverified,VND_per_share,YAHOO_HPG_20261009_114930_200741
HPG,2025-12-22,24272.7265625,24636.36328125,24181.818359375,24454.544921875,60368990,yahoo_chart_ohlc_unverified,VND_per_share,YAHOO_HPG_20261009_114930_200741
HPG,2025-12-23,24590.908203125,24727.2734375,24227.2734375,24318.181640625,32547350,yahoo_chart_ohlc_unverified,VND_per_share,YAHOO_HPG_20261009_114930_200741
HPG,2025-12-24,24409.091796875,24409.091796875,24090.908203125,24136.36328125,25450590,yahoo_chart_ohlc_unverified,VND_per_share,YAHOO_HPG_20261009_114930_200741
HPG,2025-12-25,24409.091796875,24409.091796875,24090.908203125,24136.36328125,25450590,yahoo_chart_ohlc_unverified,VND_per_share,YAHOO_HPG_20261009_114930_200741
HPG,2025-12-26,24636.36328125,25181.818359375,24227.2734375,24454.544921875,103438500,yahoo_chart_ohlc_unverified,VND_per_share,YAHOO_HPG_20261009_114930_200741
HPG,2025-12-29,24545.455078125,24545.455078125,24227.2734375,24272.7265625,18177720,yahoo_chart_ohlc_unverified,VND_per_share,YAHOO_HPG_20261009_114930_200741
HPG,2025-12-30,24272.7265625,24409.091796875,24090.908203125,24090.908203125,27040090,yahoo_chart_ohlc_unverified,VND_per_share,YAHOO_HPG_20261009_114930_200741
HPG,2025-12-31,24045.455078125,24181.818359375,23954.544921875,24000.0,22164670,yahoo_chart_ohlc_unverified,VND_per_share,YAHOO_HPG_20261009_114930_200741
HPG,2026-01-01,24000.0,24000.0,24000.0,24000.0,0,yahoo_chart_ohlc_unverified,VND_per_share,YAHOO_HPG_20261009_114930_200741
HPG,2026-01-02,24000.0,24000.0,24000.0,24000.0,0,yahoo_chart_ohlc_unverified,VND_per_share,YAHOO_HPG_20261009_114930_200741
HPG,2026-01-05,24000.0,24136.36328125,23363.63671875,23590.908203125,51136690,yahoo_chart_ohlc_unverified,VND_per_share,YAHOO_HPG_20261009_114930_200741
HPG,2026-01-06,23636.36328125,23818.181640625,23045.455078125,23590.908203125,43578260,yahoo_chart_ohlc_unverified,VND_per_share,YAHOO_HPG_20261009_114930_200741
HPG,2026-01-07,23590.908203125,24318.181640625,23590.908203125,24181.818359375,40974670,yahoo_chart_ohlc_unverified,VND_per_share,YAHOO_HPG_20261009_114930_200741
HPG,2026-01-08,24272.7265625,24363.63671875,24000.0,24000.0,41270460,yahoo_chart_ohlc_unverified,VND_per_share,YAHOO_HPG_20261009_114930_200741
HPG,2026-01-09,24363.63671875,24363.63671875,23818.181640625,23818.181640625,38598230,yahoo_chart_ohlc_unverified,VND_per_share,YAHOO_HPG_20261009_114930_200741
HPG,2026-01-12,23954.544921875,25090.908203125,23954.544921875,25000.0,91888390,yahoo_chart_ohlc_unverified,VND_per_share,YAHOO_HPG_20261009_114930_200741
HPG,2026-01-13,25227.2734375,25363.63671875,24545.455078125,24772.7265625,50355140,yahoo_chart_ohlc_unverified,VND_per_share,YAHOO_HPG_20261009_114930_200741
HPG,2026-01-14,24954.544921875,25090.908203125,24545.455078125,24772.7265625,59299130,yahoo_chart_ohlc_unverified,VND_per_share,YAHOO_HPG_20261009_114930_200741
HPG,2026-01-15,24772.7265625,25363.63671875,24772.7265625,25090.908203125,68131470,yahoo_chart_ohlc_unverified,VND_per_share,YAHOO_HPG_20261009_114930_200741
HPG,2026-01-16,25272.7265625,25681.818359375,24818.181640625,25090.908203125,72134700,yahoo_chart_ohlc_unverified,VND_per_share,YAHOO_HPG_20261009_114930_200741
HPG,2026-01-19,25363.63671875,25636.36328125,25136.36328125,25181.818359375,44512490,yahoo_chart_ohlc_unverified,VND_per_share,YAHOO_HPG_20261009_114930_200741
HPG,2026-01-20,25318.181640625,25409.091796875,24636.36328125,24772.7265625,48586560,yahoo_chart_ohlc_unverified,VND_per_share,YAHOO_HPG_20261009_114930_200741
HPG,2026-01-21,24681.818359375,24772.7265625,24227.2734375,24363.63671875,40957730,yahoo_chart_ohlc_unverified,VND_per_share,YAHOO_HPG_20261009_114930_200741
HPG,2026-01-22,24454.544921875,24818.181640625,24409.091796875,24409.091796875,30505860,yahoo_chart_ohlc_unverified,VND_per_share,YAHOO_HPG_20261009_114930_200741
HPG,2026-01-23,24636.36328125,24681.818359375,24318.181640625,24318.181640625,26656960,yahoo_chart_ohlc_unverified,VND_per_share,YAHOO_HPG_20261009_114930_200741
HPG,2026-01-26,24318.181640625,24363.63671875,23772.7265625,23909.091796875,37135230,yahoo_chart_ohlc_unverified,VND_per_share,YAHOO_HPG_20261009_114930_200741
HPG,2026-01-27,23954.544921875,24136.36328125,23818.181640625,24045.455078125,23115620,yahoo_chart_ohlc_unverified,VND_per_share,YAHOO_HPG_20261009_114930_200741
HPG,2026-01-28,24136.36328125,24636.36328125,24136.36328125,24272.7265625,32980970,yahoo_chart_ohlc_unverified,VND_per_share,YAHOO_HPG_20261009_114930_200741
HPG,2026-01-29,24363.63671875,24636.36328125,24363.63671875,24636.36328125,30369570,yahoo_chart_ohlc_unverified,VND_per_share,YAHOO_HPG_20261009_114930_200741
HPG,2026-01-30,24818.181640625,25000.0,24318.181640625,24363.63671875,44614240,yahoo_chart_ohlc_unverified,VND_per_share,YAHOO_HPG_20261009_114930_200741
HPG,2026-02-02,24363.63671875,24363.63671875,23863.63671875,24136.36328125,48426730,yahoo_chart_ohlc_unverified,VND_per_share,YAHOO_HPG_20261009_114930_200741
HPG,2026-02-03,24227.2734375,24636.36328125,24227.2734375,24318.181640625,35232890,yahoo_chart_ohlc_unverified,VND_per_share,YAHOO_HPG_20261009_114930_200741
HPG,2026-02-04,24409.091796875,26000.0,24409.091796875,25727.2734375,159959910,yahoo_chart_ohlc_unverified,VND_per_share,YAHOO_HPG_20261009_114930_200741
HPG,2026-02-05,25727.2734375,25772.7265625,25045.455078125,25045.455078125,36175810,yahoo_chart_ohlc_unverified,VND_per_share,YAHOO_HPG_20261009_114930_200741
HPG,2026-02-06,24863.63671875,25545.455078125,24363.63671875,24363.63671875,73780300,yahoo_chart_ohlc_unverified,VND_per_share,YAHOO_HPG_20261009_114930_200741
HPG,2026-02-09,24590.908203125,24818.181640625,24272.7265625,24318.181640625,26741440,yahoo_chart_ohlc_unverified,VND_per_share,YAHOO_HPG_20261009_114930_200741
HPG,2026-02-10,24454.544921875,24500.0,24000.0,24136.36328125,35797740,yahoo_chart_ohlc_unverified,VND_per_share,YAHOO_HPG_20261009_114930_200741
HPG,2026-02-11,24227.2734375,24636.36328125,24090.908203125,24409.091796875,29144720,yahoo_chart_ohlc_unverified,VND_per_share,YAHOO_HPG_20261009_114930_200741
HPG,2026-02-12,24545.455078125,24636.36328125,24318.181640625,24454.544921875,14450700,yahoo_chart_ohlc_unverified,VND_per_share,YAHOO_HPG_20261009_114930_200741
HPG,2026-02-13,24454.544921875,24681.818359375,24363.63671875,24409.091796875,26476780,yahoo_chart_ohlc_unverified,VND_per_share,YAHOO_HPG_20261009_114930_200741
HPG,2026-02-16,24409.091796875,24409.091796875,24409.091796875,24409.091796875,0,yahoo_chart_ohlc_unverified,VND_per_share,YAHOO_HPG_20261009_114930_200741
HPG,2026-02-17,24409.091796875,24409.091796875,24409.091796875,24409.091796875,0,yahoo_chart_ohlc_unverified,VND_per_share,YAHOO_HPG_20261009_114930_200741
HPG,2026-02-18,24409.091796875,24409.091796875,24409.091796875,24409.091796875,0,yahoo_chart_ohlc_unverified,VND_per_share,YAHOO_HPG_20261009_114930_200741
HPG,2026-02-19,24409.091796875,24409.091796875,24409.091796875,24409.091796875,0,yahoo_chart_ohlc_unverified,VND_per_share,YAHOO_HPG_20261009_114930_200741
HPG,2026-02-20,24409.091796875,24409.091796875,24409.091796875,24409.091796875,0,yahoo_chart_ohlc_unverified,VND_per_share,YAHOO_HPG_20261009_114930_200741
HPG,2026-02-23,24636.36328125,25000.0,24636.36328125,25000.0,39695150,yahoo_chart_ohlc_unverified,VND_per_share,YAHOO_HPG_20261009_114930_200741
HPG,2026-02-24,25000.0,25818.181640625,24863.63671875,25727.2734375,109448130,yahoo_chart_ohlc_unverified,VND_per_share,YAHOO_HPG_20261009_114930_200741
HPG,2026-02-25,25818.181640625,27000.0,25818.181640625,26636.36328125,150050120,yahoo_chart_ohlc_unverified,VND_per_share,YAHOO_HPG_20261009_114930_200741
HPG,2026-02-26,26818.181640625,26863.63671875,26181.818359375,26727.2734375,59946480,yahoo_chart_ohlc_unverified,VND_per_share,YAHOO_HPG_20261009_114930_200741
HPG,2026-02-27,26681.818359375,26727.2734375,26181.818359375,26181.818359375,52037150,yahoo_chart_ohlc_unverified,VND_per_share,YAHOO_HPG_20261009_114930_200741
HPG,2026-03-02,25636.36328125,26590.908203125,25500.0,25909.091796875,95597700,yahoo_chart_ohlc_unverified,VND_per_share,YAHOO_HPG_20261009_114930_200741
HPG,2026-03-03,25636.36328125,26590.908203125,25500.0,25909.091796875,95597700,yahoo_chart_ohlc_unverified,VND_per_share,YAHOO_HPG_20261009_114930_200741
HPG,2026-03-04,25090.908203125,25318.181640625,24363.63671875,25181.818359375,75103050,yahoo_chart_ohlc_unverified,VND_per_share,YAHOO_HPG_20261009_114930_200741
HPG,2026-03-05,25409.091796875,25590.908203125,24636.36328125,24772.7265625,52798790,yahoo_chart_ohlc_unverified,VND_per_share,YAHOO_HPG_20261009_114930_200741
HPG,2026-03-06,24545.455078125,25090.908203125,24409.091796875,24772.7265625,48786870,yahoo_chart_ohlc_unverified,VND_per_share,YAHOO_HPG_20261009_114930_200741
HPG,2026-03-09,23181.818359375,23772.7265625,23045.455078125,23045.455078125,133080090,yahoo_chart_ohlc_unverified,VND_per_share,YAHOO_HPG_20261009_114930_200741
HPG,2026-03-10,24363.63671875,24636.36328125,23772.7265625,24636.36328125,100360260,yahoo_chart_ohlc_unverified,VND_per_share,YAHOO_HPG_20261009_114930_200741
HPG,2026-03-11,24681.818359375,25136.36328125,24500.0,24909.091796875,54904520,yahoo_chart_ohlc_unverified,VND_per_share,YAHOO_HPG_20261009_114930_200741
HPG,2026-03-12,24545.455078125,24681.818359375,24227.2734375,24363.63671875,48450490,yahoo_chart_ohlc_unverified,VND_per_share,YAHOO_HPG_20261009_114930_200741
HPG,2026-03-13,24272.7265625,24727.2734375,24090.908203125,24227.2734375,31533150,yahoo_chart_ohlc_unverified,VND_per_share,YAHOO_HPG_20261009_114930_200741
HPG,2026-03-16,24227.2734375,24500.0,24136.36328125,24318.181640625,21868440,yahoo_chart_ohlc_unverified,VND_per_share,YAHOO_HPG_20261009_114930_200741
HPG,2026-03-17,24545.455078125,24863.63671875,24454.544921875,24454.544921875,26593930,yahoo_chart_ohlc_unverified,VND_per_share,YAHOO_HPG_20261009_114930_200741
HPG,2026-03-18,24454.544921875,24681.818359375,24227.2734375,24363.63671875,25364350,yahoo_chart_ohlc_unverified,VND_per_share,YAHOO_HPG_20261009_114930_200741
HPG,2026-03-19,24090.908203125,24409.091796875,23954.544921875,24272.7265625,40521030,yahoo_chart_ohlc_unverified,VND_per_share,YAHOO_HPG_20261009_114930_200741
HPG,2026-03-20,24090.908203125,24136.36328125,23545.455078125,23545.455078125,66974380,yahoo_chart_ohlc_unverified,VND_per_share,YAHOO_HPG_20261009_114930_200741
HPG,2026-03-23,23318.181640625,23818.181640625,22954.544921875,23181.818359375,48799190,yahoo_chart_ohlc_unverified,VND_per_share,YAHOO_HPG_20261009_114930_200741
HPG,2026-03-24,23636.36328125,23909.091796875,23500.0,23590.908203125,30556680,yahoo_chart_ohlc_unverified,VND_per_share,YAHOO_HPG_20261009_114930_200741
HPG,2026-03-25,23909.091796875,24000.0,23727.2734375,23954.544921875,25263810,yahoo_chart_ohlc_unverified,VND_per_share,YAHOO_HPG_20261009_114930_200741
HPG,2026-03-26,23909.091796875,23954.544921875,23545.455078125,23545.455078125,20266620,yahoo_chart_ohlc_unverified,VND_per_share,YAHOO_HPG_20261009_114930_200741
HPG,2026-03-27,23590.908203125,24272.7265625,23500.0,24090.908203125,29550070,yahoo_chart_ohlc_unverified,VND_per_share,YAHOO_HPG_20261009_114930_200741
HPG,2026-03-30,23772.7265625,24636.36328125,23590.908203125,24454.544921875,45403710,yahoo_chart_ohlc_unverified,VND_per_share,YAHOO_HPG_20261009_114930_200741
HPG,2026-03-31,24590.908203125,24772.7265625,24363.63671875,24454.544921875,25908300,yahoo_chart_ohlc_unverified,VND_per_share,YAHOO_HPG_20261009_114930_200741
HPG,2026-04-01,24863.63671875,24954.544921875,24636.36328125,24681.818359375,34654070,yahoo_chart_ohlc_unverified,VND_per_share,YAHOO_HPG_20261009_114930_200741
HPG,2026-04-02,24545.455078125,25000.0,24318.181640625,24863.63671875,55006270,yahoo_chart_ohlc_unverified,VND_per_share,YAHOO_HPG_20261009_114930_200741
HPG,2026-04-03,24863.63671875,24909.091796875,24181.818359375,24227.2734375,34521630,yahoo_chart_ohlc_unverified,VND_per_share,YAHOO_HPG_20261009_114930_200741
HPG,2026-04-06,24227.2734375,24636.36328125,24181.818359375,24409.091796875,21722910,yahoo_chart_ohlc_unverified,VND_per_share,YAHOO_HPG_20261009_114930_200741
HPG,2026-04-07,24363.63671875,24636.36328125,24318.181640625,24363.63671875,14481060,yahoo_chart_ohlc_unverified,VND_per_share,YAHOO_HPG_20261009_114930_200741
HPG,2026-04-08,25000.0,25500.0,24909.091796875,25454.544921875,74411260,yahoo_chart_ohlc_unverified,VND_per_share,YAHOO_HPG_20261009_114930_200741
HPG,2026-04-09,25363.63671875,26000.0,25136.36328125,25681.818359375,56768360,yahoo_chart_ohlc_unverified,VND_per_share,YAHOO_HPG_20261009_114930_200741
HPG,2026-04-10,26000.0,26000.0,25454.544921875,25454.544921875,39020740,yahoo_chart_ohlc_unverified,VND_per_share,YAHOO_HPG_20261009_114930_200741
HPG,2026-04-13,25318.181640625,25590.908203125,25272.7265625,25272.7265625,25305720,yahoo_chart_ohlc_unverified,VND_per_share,YAHOO_HPG_20261009_114930_200741
HPG,2026-04-14,25545.455078125,26181.818359375,25409.091796875,25954.544921875,68127620,yahoo_chart_ohlc_unverified,VND_per_share,YAHOO_HPG_20261009_114930_200741
HPG,2026-04-15,26090.908203125,26136.36328125,25500.0,25500.0,32728520,yahoo_chart_ohlc_unverified,VND_per_share,YAHOO_HPG_20261009_114930_200741
HPG,2026-04-16,25500.0,25636.36328125,25227.2734375,25409.091796875,30769310,yahoo_chart_ohlc_unverified,VND_per_share,YAHOO_HPG_20261009_114930_200741
HPG,2026-04-17,25409.091796875,25681.818359375,25363.63671875,25454.544921875,23539450,yahoo_chart_ohlc_unverified,VND_per_share,YAHOO_HPG_20261009_114930_200741
HPG,2026-04-20,25590.908203125,25863.63671875,25500.0,25863.63671875,29085870,yahoo_chart_ohlc_unverified,VND_per_share,YAHOO_HPG_20261009_114930_200741
HPG,2026-04-21,26500.0,26772.7265625,25909.091796875,25954.544921875,109612030,yahoo_chart_ohlc_unverified,VND_per_share,YAHOO_HPG_20261009_114930_200741
HPG,2026-04-22,25954.544921875,26090.908203125,25500.0,25636.36328125,30520160,yahoo_chart_ohlc_unverified,VND_per_share,YAHOO_HPG_20261009_114930_200741
HPG,2026-04-23,25636.36328125,25772.7265625,25090.908203125,25272.7265625,45247290,yahoo_chart_ohlc_unverified,VND_per_share,YAHOO_HPG_20261009_114930_200741
HPG,2026-04-24,25363.63671875,25409.091796875,25000.0,25363.63671875,25742200,yahoo_chart_ohlc_unverified,VND_per_share,YAHOO_HPG_20261009_114930_200741
HPG,2026-04-27,25363.63671875,25363.63671875,25363.63671875,25363.63671875,0,yahoo_chart_ohlc_unverified,VND_per_share,YAHOO_HPG_20261009_114930_200741
HPG,2026-04-28,25272.7265625,25454.544921875,25181.818359375,25227.2734375,15478650,yahoo_chart_ohlc_unverified,VND_per_share,YAHOO_HPG_20261009_114930_200741
HPG,2026-04-29,25136.36328125,25363.63671875,25090.908203125,25227.2734375,18963120,yahoo_chart_ohlc_unverified,VND_per_share,YAHOO_HPG_20261009_114930_200741
HPG,2026-04-30,25227.2734375,25227.2734375,25227.2734375,25227.2734375,0,yahoo_chart_ohlc_unverified,VND_per_share,YAHOO_HPG_20261009_114930_200741
HPG,2026-05-01,25227.2734375,25227.2734375,25227.2734375,25227.2734375,0,yahoo_chart_ohlc_unverified,VND_per_share,YAHOO_HPG_20261009_114930_200741
HPG,2026-05-04,25227.2734375,25409.091796875,24909.091796875,25090.908203125,35611730,yahoo_chart_ohlc_unverified,VND_per_share,YAHOO_HPG_20261009_114930_200741
HPG,2026-05-05,25136.36328125,25181.818359375,24727.2734375,24818.181640625,33762080,yahoo_chart_ohlc_unverified,VND_per_share,YAHOO_HPG_20261009_114930_200741
HPG,2026-05-06,24909.091796875,25272.7265625,24818.181640625,25090.908203125,30439200,yahoo_chart_ohlc_unverified,VND_per_share,YAHOO_HPG_20261009_114930_200741
HPG,2026-05-07,25272.7265625,25363.63671875,25090.908203125,25227.2734375,22382910,yahoo_chart_ohlc_unverified,VND_per_share,YAHOO_HPG_20261009_114930_200741
HPG,2026-05-08,25227.2734375,25363.63671875,25045.455078125,25318.181640625,22746020,yahoo_chart_ohlc_unverified,VND_per_share,YAHOO_HPG_20261009_114930_200741
HPG,2026-05-11,25000.0,25000.0,24545.455078125,24545.455078125,26023910,yahoo_chart_ohlc_unverified,VND_per_share,YAHOO_HPG_20261009_114930_200741
HPG,2026-05-12,24545.455078125,24727.2734375,24409.091796875,24454.544921875,21087990,yahoo_chart_ohlc_unverified,VND_per_share,YAHOO_HPG_20261009_114930_200741
HPG,2026-05-13,24500.0,24772.7265625,24363.63671875,24636.36328125,23699170,yahoo_chart_ohlc_unverified,VND_per_share,YAHOO_HPG_20261009_114930_200741
HPG,2026-05-14,24818.181640625,24909.091796875,24590.908203125,24590.908203125,15451810,yahoo_chart_ohlc_unverified,VND_per_share,YAHOO_HPG_20261009_114930_200741
HPG,2026-05-15,24590.908203125,24636.36328125,24045.455078125,24136.36328125,83422020,yahoo_chart_ohlc_unverified,VND_per_share,YAHOO_HPG_20261009_114930_200741
HPG,2026-05-18,24090.908203125,24272.7265625,23863.63671875,24045.455078125,30234050,yahoo_chart_ohlc_unverified,VND_per_share,YAHOO_HPG_20261009_114930_200741
HPG,2026-05-19,24090.908203125,24227.2734375,23863.63671875,23863.63671875,27623090,yahoo_chart_ohlc_unverified,VND_per_share,YAHOO_HPG_20261009_114930_200741
HPG,2026-05-20,23909.091796875,24000.0,23409.091796875,23818.181640625,45082180,yahoo_chart_ohlc_unverified,VND_per_share,YAHOO_HPG_20261009_114930_200741
HPG,2026-05-21,23954.544921875,24272.7265625,23909.091796875,24136.36328125,33618750,yahoo_chart_ohlc_unverified,VND_per_share,YAHOO_HPG_20261009_114930_200741
HPG,2026-05-22,24181.818359375,24227.2734375,23954.544921875,23954.544921875,28373400,yahoo_chart_ohlc_unverified,VND_per_share,YAHOO_HPG_20261009_114930_200741
HPG,2026-05-25,24250.0,24350.0,24100.0,24100.0,26989100,yahoo_chart_ohlc_unverified,VND_per_share,YAHOO_HPG_20261009_114930_200741
HPG,2026-05-26,24100.0,24250.0,24000.0,24250.0,20723700,yahoo_chart_ohlc_unverified,VND_per_share,YAHOO_HPG_20261009_114930_200741
HPG,2026-05-27,24400.0,24500.0,24150.0,24150.0,23114500,yahoo_chart_ohlc_unverified,VND_per_share,YAHOO_HPG_20261009_114930_200741
HPG,2026-05-28,24150.0,24250.0,24000.0,24000.0,15668300,yahoo_chart_ohlc_unverified,VND_per_share,YAHOO_HPG_20261009_114930_200741
HPG,2026-05-29,24050.0,24200.0,23900.0,24000.0,16365900,yahoo_chart_ohlc_unverified,VND_per_share,YAHOO_HPG_20261009_114930_200741
HPG,2026-06-01,24000.0,24150.0,23950.0,24050.0,9668300,yahoo_chart_ohlc_unverified,VND_per_share,YAHOO_HPG_20261009_114930_200741
HPG,2026-06-02,24000.0,24050.0,23700.0,23700.0,25529600,yahoo_chart_ohlc_unverified,VND_per_share,YAHOO_HPG_20261009_114930_200741
HPG,2026-06-03,23700.0,24150.0,23600.0,24150.0,20573500,yahoo_chart_ohlc_unverified,VND_per_share,YAHOO_HPG_20261009_114930_200741
HPG,2026-06-04,24150.0,24150.0,23900.0,23950.0,10065300,yahoo_chart_ohlc_unverified,VND_per_share,YAHOO_HPG_20261009_114930_200741
HPG,2026-06-05,23950.0,24050.0,23750.0,23750.0,13891200,yahoo_chart_ohlc_unverified,VND_per_share,YAHOO_HPG_20261009_114930_200741
HPG,2026-06-08,23650.0,23750.0,23300.0,23300.0,22769900,yahoo_chart_ohlc_unverified,VND_per_share,YAHOO_HPG_20261009_114930_200741
HPG,2026-06-09,23350.0,23550.0,23300.0,23550.0,12441700,yahoo_chart_ohlc_unverified,VND_per_share,YAHOO_HPG_20261009_114930_200741
HPG,2026-06-10,23550.0,23700.0,23450.0,23600.0,7505500,yahoo_chart_ohlc_unverified,VND_per_share,YAHOO_HPG_20261009_114930_200741
HPG,2026-06-11,23500.0,23550.0,23300.0,23300.0,10177700,yahoo_chart_ohlc_unverified,VND_per_share,YAHOO_HPG_20261009_114930_200741
HPG,2026-06-12,23550.0,23550.0,23200.0,23200.0,13271400,yahoo_chart_ohlc_unverified,VND_per_share,YAHOO_HPG_20261009_114930_200741
HPG,2026-06-15,23550.0,24350.0,23550.0,24350.0,30695200,yahoo_chart_ohlc_unverified,VND_per_share,YAHOO_HPG_20261009_114930_200741
HPG,2026-06-16,24250.0,24350.0,24100.0,24200.0,14145800,yahoo_chart_ohlc_unverified,VND_per_share,YAHOO_HPG_20261009_114930_200741
HPG,2026-06-17,24200.0,24300.0,24000.0,24000.0,19039000,yahoo_chart_ohlc_unverified,VND_per_share,YAHOO_HPG_20261009_114930_200741
HPG,2026-06-18,24050.0,24150.0,23650.0,23650.0,18040500,yahoo_chart_ohlc_unverified,VND_per_share,YAHOO_HPG_20261009_114930_200741
HPG,2026-06-19,23800.0,23900.0,23600.0,23600.0,20055700,yahoo_chart_ohlc_unverified,VND_per_share,YAHOO_HPG_20261009_114930_200741
HPG,2026-06-22,23700.0,23850.0,23600.0,23600.0,10684400,yahoo_chart_ohlc_unverified,VND_per_share,YAHOO_HPG_20261009_114930_200741
HPG,2026-06-23,23650.0,23700.0,23300.0,23300.0,29071800,yahoo_chart_ohlc_unverified,VND_per_share,YAHOO_HPG_20261009_114930_200741
HPG,2026-06-24,23400.0,23600.0,23300.0,23500.0,12927300,yahoo_chart_ohlc_unverified,VND_per_share,YAHOO_HPG_20261009_114930_200741
HPG,2026-06-25,23500.0,23600.0,23400.0,23400.0,7659100,yahoo_chart_ohlc_unverified,VND_per_share,YAHOO_HPG_20261009_114930_200741
HPG,2026-06-26,23400.0,23500.0,23350.0,23500.0,15468600,yahoo_chart_ohlc_unverified,VND_per_share,YAHOO_HPG_20261009_114930_200741
HPG,2026-06-29,23550.0,23650.0,23450.0,23650.0,14158200,yahoo_chart_ohlc_unverified,VND_per_share,YAHOO_HPG_20261009_114930_200741
HPG,2026-06-30,23700.0,23700.0,23250.0,23300.0,30593200,yahoo_chart_ohlc_unverified,VND_per_share,YAHOO_HPG_20261009_114930_200741
HPG,2026-07-01,23700.0,23700.0,23250.0,23300.0,30593200,yahoo_chart_ohlc_unverified,VND_per_share,YAHOO_HPG_20261009_114930_200741
HPG,2026-07-02,23500.0,23650.0,23350.0,23400.0,13367500,yahoo_chart_ohlc_unverified,VND_per_share,YAHOO_HPG_20261009_114930_200741
HPG,2026-07-03,23400.0,23500.0,23250.0,23250.0,15935100,yahoo_chart_ohlc_unverified,VND_per_share,YAHOO_HPG_20261009_114930_200741
HPG,2026-07-06,23400.0,23600.0,23000.0,23100.0,21299300,yahoo_chart_ohlc_unverified,VND_per_share,YAHOO_HPG_20261009_114930_200741
HPG,2026-07-07,23200.0,23250.0,23000.0,23100.0,13839600,yahoo_chart_ohlc_unverified,VND_per_share,YAHOO_HPG_20261009_114930_200741
HPG,2026-07-08,23150.0,23400.0,23050.0,23200.0,12499500,yahoo_chart_ohlc_unverified,VND_per_share,YAHOO_HPG_20261009_114930_200741
HPG,2026-07-09,23200.0,23250.0,23100.0,23200.0,11643400,yahoo_chart_ohlc_unverified,VND_per_share,YAHOO_HPG_20261009_114930_200741
HPG,2026-07-10,23200.0,23250.0,22950.0,22950.0,11906800,yahoo_chart_ohlc_unverified,VND_per_share,YAHOO_HPG_20261009_114930_200741
HPG,2026-07-13,22950.0,22950.0,22350.0,22400.0,32309000,yahoo_chart_ohlc_unverified,VND_per_share,YAHOO_HPG_20261009_114930_200741
HPG,2026-07-14,22300.0,22500.0,22000.0,22500.0,22481900,yahoo_chart_ohlc_unverified,VND_per_share,YAHOO_HPG_20261009_114930_200741
HPG,2026-07-15,22500.0,22600.0,22150.0,22400.0,21464500,yahoo_chart_ohlc_unverified,VND_per_share,YAHOO_HPG_20261009_114930_200741
HPG,2026-07-16,22300.0,22400.0,21800.0,22200.0,22880600,yahoo_chart_ohlc_unverified,VND_per_share,YAHOO_HPG_20261009_114930_200741
HPG,2026-07-17,22200.0,22350.0,21850.0,21850.0,17006300,yahoo_chart_ohlc_unverified,VND_per_share,YAHOO_HPG_20261009_114930_200741
HPG,2026-07-20,21750.0,21750.0,20500.0,20600.0,53245200,yahoo_chart_ohlc_unverified,VND_per_share,YAHOO_HPG_20261009_114930_200741
HPG,2026-07-21,20500.0,21150.0,20500.0,20800.0,27198700,yahoo_chart_ohlc_unverified,VND_per_share,YAHOO_HPG_20261009_114930_200741
HPG,2026-07-22,20900.0,21050.0,20500.0,20700.0,43471900,yahoo_chart_ohlc_unverified,VND_per_share,YAHOO_HPG_20261009_114930_200741
HPG,2026-07-23,20700.0,21000.0,20150.0,20800.0,36967600,yahoo_chart_ohlc_unverified,VND_per_share,YAHOO_HPG_20261009_114930_200741
HPG,2026-07-24,20700.0,21000.0,20600.0,20800.0,17632000,yahoo_chart_ohlc_unverified,VND_per_share,YAHOO_HPG_20261009_114930_200741
HPG,2026-07-27,20900.0,21000.0,20300.0,20350.0,18166800,yahoo_chart_ohlc_unverified,VND_per_share,YAHOO_HPG_20261009_114930_200741
HPG,2026-07-28,20150.0,21000.0,20100.0,21000.0,29151700,yahoo_chart_ohlc_unverified,VND_per_share,YAHOO_HPG_20261009_114930_200741
HPG,2026-07-29,21050.0,21650.0,20900.0,21650.0,36250000,yahoo_chart_ohlc_unverified,VND_per_share,YAHOO_HPG_20261009_114930_200741
HPG,2026-07-30,21650.0,22050.0,21500.0,21800.0,29968000,yahoo_chart_ohlc_unverified,VND_per_share,YAHOO_HPG_20261009_114930_200741
HPG,2026-07-31,21800.0,21850.0,21400.0,21700.0,24111500,yahoo_chart_ohlc_unverified,VND_per_share,YAHOO_HPG_20261009_114930_200741
HPG,2026-08-03,21700.0,22650.0,21650.0,22550.0,44448000,yahoo_chart_ohlc_unverified,VND_per_share,YAHOO_HPG_20261009_114930_200741
HPG,2026-08-04,22550.0,22600.0,22100.0,22150.0,22694000,yahoo_chart_ohlc_unverified,VND_per_share,YAHOO_HPG_20261009_114930_200741
HPG,2026-08-05,22350.0,22600.0,21950.0,22000.0,27963700,yahoo_chart_ohlc_unverified,VND_per_share,YAHOO_HPG_20261009_114930_200741
HPG,2026-08-06,22250.0,22300.0,21850.0,21850.0,14369400,yahoo_chart_ohlc_unverified,VND_per_share,YAHOO_HPG_20261009_114930_200741
HPG,2026-08-07,21900.0,22300.0,21750.0,22000.0,13018100,yahoo_chart_ohlc_unverified,VND_per_share,YAHOO_HPG_20261009_114930_200741
HPG,2026-08-10,22250.0,22300.0,21950.0,22100.0,16732700,yahoo_chart_ohlc_unverified,VND_per_share,YAHOO_HPG_20261009_114930_200741
HPG,2026-08-11,22200.0,22250.0,22050.0,22050.0,13694600,yahoo_chart_ohlc_unverified,VND_per_share,YAHOO_HPG_20261009_114930_200741
HPG,2026-08-12,22000.0,22350.0,21950.0,22100.0,15925100,yahoo_chart_ohlc_unverified,VND_per_share,YAHOO_HPG_20261009_114930_200741
HPG,2026-08-13,22200.0,22250.0,21700.0,21700.0,25702700,yahoo_chart_ohlc_unverified,VND_per_share,YAHOO_HPG_20261009_114930_200741
HPG,2026-08-14,21700.0,21800.0,21200.0,21250.0,27443600,yahoo_chart_ohlc_unverified,VND_per_share,YAHOO_HPG_20261009_114930_200741
HPG,2026-08-17,21250.0,21450.0,21050.0,21200.0,18455500,yahoo_chart_ohlc_unverified,VND_per_share,YAHOO_HPG_20261009_114930_200741
HPG,2026-08-18,21150.0,21400.0,21000.0,21000.0,16367500,yahoo_chart_ohlc_unverified,VND_per_share,YAHOO_HPG_20261009_114930_200741
HPG,2026-08-19,21100.0,21200.0,20900.0,21200.0,15312500,yahoo_chart_ohlc_unverified,VND_per_share,YAHOO_HPG_20261009_114930_200741
HPG,2026-08-20,21250.0,21450.0,21150.0,21150.0,15156400,yahoo_chart_ohlc_unverified,VND_per_share,YAHOO_HPG_20261009_114930_200741
HPG,2026-08-21,21150.0,21750.0,21050.0,21700.0,25138400,yahoo_chart_ohlc_unverified,VND_per_share,YAHOO_HPG_20261009_114930_200741
HPG,2026-08-24,22000.0,22300.0,21850.0,22250.0,28790200,yahoo_chart_ohlc_unverified,VND_per_share,YAHOO_HPG_20261009_114930_200741
HPG,2026-08-25,22250.0,22300.0,21800.0,21800.0,25844100,yahoo_chart_ohlc_unverified,VND_per_share,YAHOO_HPG_20261009_114930_200741
HPG,2026-08-26,21800.0,22100.0,21750.0,22050.0,19394800,yahoo_chart_ohlc_unverified,VND_per_share,YAHOO_HPG_20261009_114930_200741
HPG,2026-08-27,22050.0,22400.0,22050.0,22200.0,19201900,yahoo_chart_ohlc_unverified,VND_per_share,YAHOO_HPG_20261009_114930_200741
HPG,2026-08-28,22250.0,22350.0,22050.0,22100.0,17126700,yahoo_chart_ohlc_unverified,VND_per_share,YAHOO_HPG_20261009_114930_200741
HPG,2026-08-31,22100.0,22100.0,22100.0,22100.0,0,yahoo_chart_ohlc_unverified,VND_per_share,YAHOO_HPG_20261009_114930_200741
HPG,2026-09-01,22100.0,22100.0,22100.0,22100.0,0,yahoo_chart_ohlc_unverified,VND_per_share,YAHOO_HPG_20261009_114930_200741
HPG,2026-09-02,22100.0,22100.0,22100.0,22100.0,0,yahoo_chart_ohlc_unverified,VND_per_share,YAHOO_HPG_20261009_114930_200741
HPG,2026-09-03,22000.0,22000.0,21550.0,21600.0,26985600,yahoo_chart_ohlc_unverified,VND_per_share,YAHOO_HPG_20261009_114930_200741
HPG,2026-09-04,21750.0,21800.0,21600.0,21700.0,13920900,yahoo_chart_ohlc_unverified,VND_per_share,YAHOO_HPG_20261009_114930_200741
HPG,2026-09-07,21800.0,22150.0,21550.0,21550.0,19957800,yahoo_chart_ohlc_unverified,VND_per_share,YAHOO_HPG_20261009_114930_200741
HPG,2026-09-08,21550.0,21900.0,21550.0,21850.0,13387600,yahoo_chart_ohlc_unverified,VND_per_share,YAHOO_HPG_20261009_114930_200741
HPG,2026-09-09,21850.0,21850.0,21850.0,21850.0,0,yahoo_chart_ohlc_unverified,VND_per_share,YAHOO_HPG_20261009_114930_200741
HPG,2026-09-10,22000.0,22050.0,21800.0,21850.0,13391400,yahoo_chart_ohlc_unverified,VND_per_share,YAHOO_HPG_20261009_114930_200741
HPG,2026-09-11,21750.0,21800.0,21300.0,21300.0,22031700,yahoo_chart_ohlc_unverified,VND_per_share,YAHOO_HPG_20261009_114930_200741
HPG,2026-09-14,21300.0,21400.0,20850.0,20900.0,24046000,yahoo_chart_ohlc_unverified,VND_per_share,YAHOO_HPG_20261009_114930_200741
HPG,2026-09-15,21000.0,21200.0,21000.0,21200.0,11937200,yahoo_chart_ohlc_unverified,VND_per_share,YAHOO_HPG_20261009_114930_200741
HPG,2026-09-16,21200.0,21250.0,20950.0,20950.0,12277500,yahoo_chart_ohlc_unverified,VND_per_share,YAHOO_HPG_20261009_114930_200741
HPG,2026-09-17,20800.0,21400.0,20750.0,21200.0,17574100,yahoo_chart_ohlc_unverified,VND_per_share,YAHOO_HPG_20261009_114930_200741
HPG,2026-09-18,21450.0,21550.0,21300.0,21550.0,31124900,yahoo_chart_ohlc_unverified,VND_per_share,YAHOO_HPG_20261009_114930_200741
HPG,2026-09-21,21550.0,21600.0,21100.0,21100.0,15824000,yahoo_chart_ohlc_unverified,VND_per_share,YAHOO_HPG_20261009_114930_200741
HPG,2026-09-22,21150.0,21250.0,21100.0,21150.0,8104500,yahoo_chart_ohlc_unverified,VND_per_share,YAHOO_HPG_20261009_114930_200741
HPG,2026-09-23,21150.0,21200.0,21050.0,21050.0,10766000,yahoo_chart_ohlc_unverified,VND_per_share,YAHOO_HPG_20261009_114930_200741
HPG,2026-09-24,21050.0,21100.0,20800.0,20800.0,15528500,yahoo_chart_ohlc_unverified,VND_per_share,YAHOO_HPG_20261009_114930_200741
HPG,2026-09-25,20800.0,20950.0,20650.0,20650.0,14623900,yahoo_chart_ohlc_unverified,VND_per_share,YAHOO_HPG_20261009_114930_200741
HPG,2026-09-28,20750.0,20800.0,20150.0,20200.0,24184800,yahoo_chart_ohlc_unverified,VND_per_share,YAHOO_HPG_20261009_114930_200741
HPG,2026-09-29,20200.0,20400.0,20150.0,20300.0,18773900,yahoo_chart_ohlc_unverified,VND_per_share,YAHOO_HPG_20261009_114930_200741
HPG,2026-09-30,20300.0,20500.0,20150.0,20150.0,13350300,yahoo_chart_ohlc_unverified,VND_per_share,YAHOO_HPG_20261009_114930_200741
HPG,2026-10-01,20150.0,20250.0,20050.0,20050.0,11097100,yahoo_chart_ohlc_unverified,VND_per_share,YAHOO_HPG_20261009_114930_200741
HPG,2026-10-02,20100.0,20150.0,19600.0,20050.0,35378700,yahoo_chart_ohlc_unverified,VND_per_share,YAHOO_HPG_20261009_114930_200741
HPG,2026-10-05,20400.0,20800.0,20350.0,20500.0,31964600,yahoo_chart_ohlc_unverified,VND_per_share,YAHOO_HPG_20261009_114930_200741
HPG,2026-10-06,20500.0,20500.0,20150.0,20500.0,17171100,yahoo_chart_ohlc_unverified,VND_per_share,YAHOO_HPG_20261009_114930_200741
HPG,2026-10-07,20500.0,20550.0,20300.0,20350.0,13395100,yahoo_chart_ohlc_unverified,VND_per_share,YAHOO_HPG_20261009_114930_200741
HPG,2026-10-08,20300.0,20500.0,20150.0,20150.0,12877800,yahoo_chart_ohlc_unverified,VND_per_share,YAHOO_HPG_20261009_114930_200741
